Time,excluded_ICU_cases,ICU_cases,total_cases
2020-02-24,101,26,127
2020-02-25,114,35,149
2020-02-26,128,36,164
2020-02-27,248,56,304
2020-02-28,345,64,409
2020-02-29,401,105,506
2020-03-01,639,140,779
2020-03-02,742,166,908
2020-03-03,1034,229,1263
2020-03-04,1346,295,1641
2020-03-05,179,351,2141
2020-03-06,2394,462,2856
2020-03-07,2651,567,3218
2020-03-08,3557,650,4207
2020-03-09,4316,733,5049
2020-03-10,5038,877,5038
2020-03-11,5838,1028,6866
2020-03-12,665,1153,7803
2020-03-13,7426,1328,8754
2020-03-14,8372,1518,989
2020-03-15,9663,1672,11335
2020-03-16,11025,1851,12876
2020-03-17,12894,206,14954
2020-03-18,14363,2257,1662
2020-03-19,15757,2498,18255
2020-03-20,1602,2655,18675
2020-03-21,17708,2857,20565
2020-03-22,19846,3009,22855
2020-03-23,20692,3204,23896
2020-03-24,21937,3396,25333
2020-03-25,23112,3489,26601
2020-03-26,24753,3612,28365
2020-03-27,26029,3732,29761
2020-03-28,26676,3856,30532
2020-03-29,27386,3906,31292
2020-03-30,27795,3981,31776
2020-03-31,28192,4023,32215
2020-04-01,28403,4035,32438
2020-04-02,2854,4053,32593
2020-04-03,28741,4068,32809
2020-04-04,2901,3994,33004
2020-04-05,28949,3977,32926
2020-04-06,28976,3898,32874
2020-04-07,28718,3792,3251
2020-04-08,28485,3693,32178
2020-04-09,28399,3605,32004
2020-04-10,28242,3497,31739
2020-04-11,28144,3381,31525
2020-04-12,27847,3343,3119
2020-04-13,28023,326,31283
2020-04-14,28011,3186,31197
2020-04-15,27643,3079,30722
2020-04-16,26893,2936,29829
2020-04-17,25786,2812,28598
2020-04-18,25007,2733,2774
2020-04-19,25033,2635,27668
2020-04-20,24906,2573,27479
2020-04-21,24134,2471,26605
2020-04-22,23805,2384,26189
2020-04-23,22871,2267,25138
2020-04-24,22068,2173,24241
2020-04-25,21533,2102,23635
2020-04-26,21372,2009,23381
2020-04-27,20353,1956,22309
2020-04-28,19723,1863,21586
2020-04-29,1921,1795,21005
2020-04-30,18149,1694,19843
2020-05-01,17569,1578,19147
2020-05-02,17357,1539,18896
2020-05-03,17242,1501,18743
2020-05-04,16823,1479,18302
2020-05-05,1627,1427,17697
2020-05-06,15769,1333,17102
2020-05-07,15174,1311,16485
2020-05-08,14636,1168,15804
2020-05-09,13834,1034,14868
2020-05-10,13618,1027,14645
2020-05-11,13539,999,14538
2020-05-12,12865,952,13817
2020-05-13,12172,893,13065
2020-05-14,11453,855,12308
2020-05-15,10792,808,116
2020-05-16,104,775,11175
2020-05-17,10311,772,11083
2020-05-18,10207,749,10956
2020-05-19,9991,716,10707
2020-05-20,9624,676,103
2020-05-21,9269,640,9909
2020-05-22,8957,595,9552
2020-05-23,8695,572,9267
2020-05-24,8613,553,9166
2020-05-25,8185,541,8726
2020-05-26,7917,521,8438
2020-05-27,7729,505,8234
2020-05-28,7379,489,7868
2020-05-29,7094,475,7569
2020-05-30,668,450,713
2020-05-31,6387,435,6822
2020-06-01,6099,424,6523
2020-06-02,5916,408,6324
2020-06-03,5742,353,6095
2020-06-04,5503,338,5841
2020-06-05,5301,316,5617
2020-06-06,5002,293,5295
2020-06-07,4864,287,5151
2020-06-08,4729,283,5012
2020-06-09,4581,263,4844
2020-06-10,432,249,4569
2020-06-11,4131,236,4367
2020-06-12,3893,227,412
2020-06-13,3747,220,3967
2020-06-14,3594,209,3803
2020-06-15,3489,207,3696
2020-06-16,3301,177,3478
2020-06-17,3113,163,3276
2020-06-18,2867,168,3035
2020-06-19,2632,161,2793
2020-06-20,2474,152,2626
2020-06-21,2314,148,2462
2020-06-22,2038,127,2165
2020-06-23,1853,115,1968
2020-06-24,161,107,1717
2020-06-25,1515,103,1618
2020-06-26,1356,105,1461
2020-06-27,126,97,1357
2020-06-28,116,98,1258
2020-06-29,112,96,1216
2020-06-30,109,93,1183
2020-07-01,1025,87,1112
2020-07-02,963,82,1045
2020-07-03,956,79,1035
2020-07-04,940,71,1011
2020-07-05,945,74,1019
2020-07-06,946,72,1018
2020-07-07,940,70,101
2020-07-08,899,71,970
2020-07-09,871,69,940
2020-07-10,844,65,909
2020-07-11,826,67,893
2020-07-12,776,68,844
2020-07-13,768,65,833
2020-07-14,777,60,837
2020-07-15,797,57,854
2020-07-16,750,53,803
2020-07-17,771,50,821
2020-07-18,757,50,807
2020-07-19,743,49,792
2020-07-20,745,47,792
2020-07-21,732,49,781
2020-07-22,724,48,772
2020-07-23,713,49,762
2020-07-24,713,46,759
2020-07-25,731,41,772
2020-07-26,735,44,779
2020-07-27,740,45,785
2020-07-28,749,40,789
2020-07-29,731,38,769
2020-07-30,748,47,795
2020-07-31,716,41,757
2020-08-01,705,43,748
2020-08-02,708,42,750
2020-08-03,734,41,775
2020-08-04,761,41,802
2020-08-05,764,41,805
2020-08-06,762,42,804
2020-08-07,779,42,821
2020-08-08,771,43,814
2020-08-09,763,45,808
2020-08-10,779,46,825
2020-08-11,801,49,850
2020-08-12,779,53,832
2020-08-13,786,55,841
2020-08-14,771,56,827
2020-08-15,764,55,819
2020-08-16,787,56,843
2020-08-17,810,58,868
2020-08-18,843,58,901
2020-08-19,866,66,932
2020-08-20,883,68,951
2020-08-21,919,69,988
2020-08-22,924,64,988
2020-08-23,971,69,104
2020-08-24,1045,65,111
2020-08-25,1058,66,1124
2020-08-26,1055,69,1124
2020-08-27,1131,67,1198
2020-08-28,1178,74,1252
2020-08-29,1168,79,1247
2020-08-30,1251,86,1337
2020-08-31,1288,94,1382
2020-09-01,138,107,1487
2020-09-02,1437,109,1546
2020-09-03,1505,120,1625
2020-09-04,1607,121,1728
2020-09-05,162,121,1741
2020-09-06,1683,133,1816
2020-09-07,1719,142,1861
2020-09-08,176,143,1903
2020-09-09,1778,150,1928
2020-09-10,1836,164,2
2020-09-11,1849,175,2024
2020-09-12,1951,182,2133
2020-09-13,2042,187,2229
2020-09-14,2122,197,2319
2020-09-15,2222,201,2423
2020-09-16,2285,207,2492
2020-09-17,2348,212,256
2020-09-18,2387,208,2595
2020-09-19,238,215,2595
2020-09-20,2365,222,2587
2020-09-21,2475,232,2707
2020-09-22,2604,239,2843
2020-09-23,2658,244,2902
2020-09-24,2731,246,2977
2020-09-25,2737,244,2981
2020-09-26,2746,247,2993
2020-09-27,2846,254,31
2020-09-28,2977,264,3241
2020-09-29,3048,271,3319
2020-09-30,3047,280,3327
2020-10-01,3097,291,3388
2020-10-02,3142,294,3436
2020-10-03,3205,297,3502
2020-10-04,3287,303,359
2020-10-05,3487,323,381
2020-10-06,3625,319,3944
2020-10-07,3782,337,4119
2020-10-08,3925,358,4283
2020-10-09,4086,387,4473
2020-10-10,4336,390,4726
2020-10-11,4519,420,4939
2020-10-12,4821,452,5273
2020-10-13,5076,514,559
2020-10-14,547,539,6009
2020-10-15,5796,586,6382
2020-10-16,6178,638,6816
2020-10-17,6617,705,7322
2020-10-18,7131,750,7881
2020-10-19,7676,797,8473
2020-10-20,8454,870,9324
2020-10-21,9057,926,9983
2020-10-22,9694,992,10686
2020-10-23,10549,1049,11598
2020-10-24,11287,1128,12415
2020-10-25,12006,1208,13214
2020-10-26,12997,1284,14281
2020-10-27,13955,1411,15366
2020-10-28,14981,1536,16517
2020-10-29,15964,1651,17615
2020-10-30,16994,1746,1874
2020-10-31,17966,1843,19809
2020-11-01,18902,1939,20841
2020-11-02,1984,2022,21862
2020-11-03,21114,2225,23339
2020-11-04,22116,2292,24408
2020-11-05,23256,2391,25647
2020-11-06,24005,2515,2652
2020-11-07,25109,2634,27743
2020-11-08,2644,2749,29189
2020-11-09,27636,2849,30485
2020-11-10,28633,2971,31604
2020-11-11,29444,3081,32525
2020-11-12,29873,317,33043
2020-11-13,30914,323,34144
2020-11-14,31398,3306,34704
2020-11-15,32047,3422,35469
2020-11-16,32536,3492,36028
2020-11-17,33074,3612,36686
2020-11-18,33504,367,37174
2020-11-19,3361,3712,37322
2020-11-20,33957,3748,37705
2020-11-21,34063,3758,37821
2020-11-22,34279,3801,3808
2020-11-23,34697,381,38507
2020-11-24,34577,3816,38393
2020-11-25,34313,3848,38161
2020-11-26,34038,3846,37884
2020-11-27,33684,3782,37466
2020-11-28,33299,3762,37061
2020-11-29,32879,3753,36632
2020-11-30,33187,3744,36931
2020-12-01,32811,3663,36474
2020-12-02,32454,3616,3607
2020-12-03,31772,3597,35369
2020-12-04,312,3567,34767
2020-12-05,30158,3517,33675
2020-12-06,30391,3454,33845
2020-12-07,30524,3382,33906
2020-12-08,30081,3345,33426
2020-12-09,29653,332,32973
2020-12-10,29088,3291,32379
2020-12-11,28562,3265,31827
2020-12-12,28066,3199,31265
2020-12-13,27735,3158,30893
2020-12-14,27765,3095,3086
2020-12-15,27342,3003,30345
2020-12-16,26897,2926,29823
2020-12-17,26427,2855,29282
2020-12-18,25769,2819,28588
2020-12-19,25364,2784,28148
2020-12-20,25158,2743,27901
2020-12-21,25145,2731,27876
2020-12-22,24948,2687,27635
2020-12-23,24546,2624,2717
2020-12-24,2407,2589,26659
2020-12-25,23402,2584,25986
2020-12-26,23312,258,25892
2020-12-27,23571,258,26151
2020-12-28,23932,2565,26497
2020-12-29,23662,2549,26211
2020-12-30,23566,2528,26094
2020-12-31,23151,2555,25706
2021-01-01,22822,2553,25375
2021-01-02,22948,2569,25517
2021-01-03,23075,2583,25658
2021-01-04,23317,2579,25896
2021-01-05,23395,2569,25964
2021-01-06,23174,2571,25745
2021-01-07,23291,2587,25878
2021-01-08,23313,2587,259
2021-01-09,2326,2593,25853
2021-01-10,23427,2615,26042
2021-01-11,23603,2642,26245
2021-01-12,23712,2636,26348
2021-01-13,23525,2579,26104
2021-01-14,2311,2557,25667
2021-01-15,22841,2522,25363
2021-01-16,22784,252,25304
2021-01-17,22757,2503,2526
2021-01-18,22884,2544,25428
2021-01-19,22699,2487,25186
2021-01-20,22469,2461,2493
2021-01-21,22045,2418,24463
2021-01-22,21691,239,24081
2021-01-23,21403,2386,23789
2021-01-24,21309,24,23709
2021-01-25,21424,2421,23845
2021-01-26,21355,2372,23727
2021-01-27,21161,2352,23513
2021-01-28, 20778,2288,23066
2021-01-29,20397,227,22667
2021-01-30,20098,2218,22316
2021-01-31,20096,2215,22311
2021-02-01,2026,2252,22512
2021-02-02,20317,2214,22531
2021-02-03,20071,2145,22216
2021-02-04,19743,2151,21894
2021-02-05,19575,2142,21717
2021-02-06,19408,211,21518
2021-02-07,19266,2107,21373
2021-02-08,19527,2143,2167
2021-02-09,19512,2143,21655
2021-02-10,1928,2128,21408
2021-02-11,18942,2126,21068
2021-02-12,18736,2095,20831
2021-02-13,185,2062,20562
2021-02-14,18449,2085,20534
2021-02-15,18515,2089,20604
2021-02-16,18463,2074,20537
2021-02-17,18274,2043,20317
2021-02-18,17963,2045,20008
2021-02-19,17831,2059,1989
2021-02-20,17725,2063,19788
2021-02-21,17804,2094,19898
2021-02-22,18155,2118,20273
2021-02-23,18295,2146,20441
2021-02-24,18217,2157,20374
2021-02-25,18257,2168,20425
2021-02-26,18292,2194,20486
2021-02-27,18372,2216,20588
2021-02-28,18638,2231,20869
2021-03-01,19112,2289,21401
2021-03-02,1957,2327,21897
2021-03-03,19763,2411,22174
2021-03-04,20157,2475,22632
2021-03-05,20374,2525,22899
2021-03-06,20701,2571,23272
2021-03-07,21144,2605,23749
2021-03-08,21831,27,24531
2021-03-09,22393,2756,25149
2021-03-10,22882,2827,25709
2021-03-11,23247,2859,26106
2021-03-12,23656,2914,2657
2021-03-13,24153,2982,27135
2021-03-14,24518,3082,276
2021-03-15,25338,3157,28495
2021-03-16,26098,3256,29354
2021-03-17,26517,3317,29834
2021-03-18,26694,3333,30027
2021-03-19,26858,3364,30222
2021-03-20,27061,3387,30448
2021-03-21,27484,3448,30932
2021-03-22,28049,351,31559
2021-03-23,28428,3546,31974
2021-03-24,28438,3588,32026
2021-03-25,28424,362,32044
2021-03-26,28472,3628,321
2021-03-27,28621,3635,32256
2021-03-28,28701,3679,3238
2021-03-29,29163,3721,32884
2021-03-30,29231,3716,32947
2021-03-31,2918,371,3289
2021-04-01,28949,3681,3263
2021-04-02,28704,3704,32408
2021-04-03,28489,3714,32203
2021-04-04,28432,3703,32135
2021-04-05,28785,3737,32522
2021-04-06,29337,3743,3308
2021-04-07,29316,3683,32999
2021-04-08,28851,3663,32514
2021-04-09,28146,3603,31749
2021-04-10,27654,3588,31242
2021-04-11,27251,3585,30836
2021-04-12,27329,3593,30922
2021-04-13,26952,3526,30478
2021-04-14,26369,349,29859
2021-04-15,25587,3417,29004
2021-04-16,24743,3366,28109
2021-04-17,241,334,2744
2021-04-18,23648,3311,26959
2021-04-19,23742,3244,26986
2021-04-20,23255,3151,26406
2021-04-21,22784,3076,2586
2021-04-22,22094,3021,25115
2021-04-23,2144,2979,24419
2021-04-24,20971,2894,23865
2021-04-25,20662,2862,23524
2021-04-26,20635,2849,23484
2021-04-27,20312,2748,2306
2021-04-28,1986,2711,22571
2021-04-29,19351,264,21991
2021-04-30,1894,2583,21523
2021-05-01,18381,2522,20903
2021-05-02,18345,2524,20869
2021-05-03,18395,249,20885
2021-05-04,18176,2423,20599
2021-05-05,1752,2368,19888
2021-05-06,16867,2308,19175
2021-05-07,16331,2253,18584
2021-05-08,15799,2211,1801
2021-05-09,1542,2192,17612
2021-05-10,15427,2158,17585
2021-05-11,14937,2056,16993
2021-05-12,1428,1992,16272
2021-05-13,13608,1893,15501
2021-05-14,1305,186,1491
2021-05-15,12493,1805,14298
2021-05-16,12134,1779,13913
2021-05-17,12024,1754,13778
2021-05-18,11539,1689,13228
2021-05-19,11018,1643,12661
2021-05-20,10383,1544,11927
2021-05-21,9925,1469,11394
2021-05-22,9488,143,10918
2021-05-23,9161,141,10571
2021-05-24,895,1382,10332
2021-05-25,8557,1323,988
2021-05-26,8118,1278,9396
2021-05-27,7707,1206,8913
2021-05-28,7192,1142,8334
2021-05-29,68,1095,7895
2021-05-30,6591,1061,7652
2021-05-31,6482,1033,7515
2021-06-01,6192,989,7181
2021-06-02,5858,933,6791
2021-06-03,5717,892,6609
2021-06-04,5488,836,6324
2021-06-05,5193,788,5981
2021-06-06,4963,774,5737
2021-06-07,491,759,5669
2021-06-08,4685,688,5373
2021-06-09,4382,661,5043
2021-06-10,4153,626,4779
2021-06-11,3876,597,4473
2021-06-12,3655,574,4229
2021-06-13,3542,565,4107
2021-06-14,3465,536,4001
2021-06-15,3333,504,3837
2021-06-16,3064,471,3535
2021-06-17,2888,444,3332
2021-06-18,268,416,3096
2021-06-19,2504,394,2898
2021-06-20,2444,389,2833
2021-06-21,239,385,2775
2021-06-22,2289,362,2651
2021-06-23,214,344,2484
2021-06-24,2027,328,2355
2021-06-25,1899,306,2205
2021-06-26,1771,298,2069
2021-06-27,1743,294,2037
2021-06-28,1723,289,2012
2021-06-29,1676,270,1946
2021-06-30,1593,247,184
2021-07-01,1532,229,1761
2021-07-02,1469,213,1682
2021-07-03,1394,204,1598
2021-07-04,1364,197,1561
2021-07-05,1337,191,1528
2021-07-06,1271,187,1458
2021-07-07,1234,180,1414
2021-07-08,1197,180,1377
2021-07-09,1167,169,1336
2021-07-10,1147,161,1308
2021-07-11,1134,161,1295
2021-07-12,1149,158,1307
2021-07-13,1128,157,1285
2021-07-14,1108,151,1259
2021-07-15,1089,153,1242
2021-07-16,1088,161,1249
2021-07-17,1111,162,1273
2021-07-18,1136,156,1292
2021-07-19,1188,162,135
2021-07-20,1194,165,1359
2021-07-21,1196,158,1354
2021-07-22,1234,158,1392
2021-07-23,1304,155,1459
2021-07-24,134,172,1512
2021-07-25,1392,178,157
2021-07-26,1512,182,1694
2021-07-27,1611,189,18
2021-07-28,1685,183,1868
2021-07-29,173,194,1924
2021-07-30,1812,201,2013
2021-07-31,1851,214,2065
2021-08-01,1954,230,2184
2021-08-02,207,249,2319
2021-08-03,2196,258,2454
2021-08-04,2309,260,2569
2021-08-05,2409,268,2677
2021-08-06,2449,277,2726
2021-08-07,2533,288,2821
2021-08-08,2631,299,293
2021-08-09,2786,323,3109
2021-08-10,288,322,3202
2021-08-11,2948,337,3285
2021-08-12,2975,352,3327
2021-08-13,3033,369,3402
2021-08-14,3101,372,3473
2021-08-15,3162,384,3546
2021-08-16,3334,404,3738
2021-08-17,3472,423,3895
2021-08-18,3559,442,4001
2021-08-19,3627,460,4087
2021-08-20,3692,455,4147
2021-08-21,3733,466,4199
2021-08-22,3767,472,4239
2021-08-23,3928,485,4413
2021-08-24,4036,504,454
2021-08-25,4023,499,4522
2021-08-26,4059,503,4562
2021-08-27,4114,511,4625
2021-08-28,4111,511,4622
2021-08-29,4133,525,4658
2021-08-30,4264,548,4812
2021-08-31,4252,544,4796
2021-09-01,4231,540,4771
2021-09-02,4205,555,476
2021-09-03,4164,556,472
2021-09-04,4204,569,4773
2021-09-05,4216,572,4788
2021-09-06,4302,570,4872
2021-09-07,4307,563,487
2021-09-08,4235,564,4799
2021-09-09,423,558,4788
2021-09-10,4164,548,4712
2021-09-11,4117,547,4664
2021-09-12,4113,559,4672
2021-09-13,42,563,4763
2021-09-14,4165,554,4719
2021-09-15,4128,540,4668
2021-09-16,4018,531,4549
2021-09-17,3989,525,4514
2021-09-18,3958,519,4477
2021-09-19,3929,530,4459
2021-09-20,3982,523,4505
2021-09-21,3937,516,4453
2021-09-22,3796,513,4309
2021-09-23,365,505,4155
2021-09-24,3553,489,4042
2021-09-25,3497,481,3978
2021-09-26,3435,483,3918
2021-09-27,3487,488,3975
2021-09-28,3418,459,3877
2021-09-29,3317,450,3767
2021-09-30,3198,440,3638
2021-10-01,3118,429,3547
2021-10-02,3057,432,3489
2021-10-03,2991,431,3422
2021-10-04,3032,437,3469
2021-10-05,2968,433,3401
2021-10-06,2872,415,3287
2021-10-07,2824,403,3227
2021-10-08,2742,383,3125
2021-10-09,2692,367,3059
2021-10-10,2651,364,3015
2021-10-11,2688,374,3062
2021-10-12,2665,370,3035
2021-10-13,2552,367,2919
2021-10-14,2479,359,2838
2021-10-15,2445,357,2802
2021-10-16,2371,352,2723
2021-10-17,2386,349,2735
2021-10-18,2428,358,2786
2021-10-19,2423,355,2778
2021-10-20,2464,355,2819
2021-10-21,2439,356,2795
2021-10-22,2443,343,2786
2021-10-23,2455,338,2793
2021-10-24,2473,341,2814
2021-10-25,2579,338,2917
2021-10-26,2604,341,2945
2021-10-27,2615,341,2956
2021-10-28,2609,347,2956
2021-10-29,2658,349,3007
2021-10-30,2707,346,3053
2021-10-31,2754,342,3096
2021-11-01,2863,364,3227
2021-11-02,2992,385,3377
2021-11-03,3029,381,341
2021-11-04,3045,383,3428
2021-11-05,3124,395,3519
2021-11-06,3173,392,3565
2021-11-07,3215,398,3613
2021-11-08,3362,415,3777
2021-11-09,3436,421,3857
2021-11-10,3447,423,387
2021-11-11,3509,422,3931
2021-11-12,3525,445,397
2021-11-13,3597,453,405
2021-11-14,3647,458,4105
2021-11-15,3808,475,4283
2021-11-16,397,481,4451
2021-11-17,406,486,4546
2021-11-18,4088,503,4591
2021-11-19,4145,512,4657
2021-11-20,425,512,4762
2021-11-21,4345,520,4865
2021-11-22,4507,549,5056
2021-11-23,4597,560,5157
2021-11-24,4629,573,5202
2021-11-25,4689,588,5277
2021-11-26,4748,606,5354
2021-11-27,4826,624,545
2021-11-28,4964,638,5602
2021-11-29,5135,669,5804
2021-11-30,5227,683,591
2021-12-01,5248,686,5934
2021-12-02,5298,698,5996
2021-12-03,5385,708,6093
2021-12-04,5428,732,616
2021-12-05,5597,736,6333
2021-12-06,5879,743,6622
2021-12-07,6078,776,6854
2021-12-08,6099,791,689
2021-12-09,6333,811,7144
2021-12-10,6483,816,7299
2021-12-11,6539,818,7357
2021-12-12,6697,829,7526
2021-12-13,6951,856,7807
2021-12-14,7163,863,8026
2021-12-15,7309,870,8179
2021-12-16,7338,917,8255
2021-12-17,752,923,8443
2021-12-18,7576,953,8529
2021-12-19,7726,966,8692
2021-12-20,8101,987,9088
2021-12-21,8381,1012,9393
2021-12-22,8544,101,9554
2021-12-23,8722,1023,9745
2021-12-24,8812,1038,985
2021-12-25,8892,1071,9963
2021-12-26,922,1089,10309
2021-12-27,9723,1126,10849
2021-12-28,10089,1145,11234
2021-12-29,10578,1185,11763
2021-12-30,10866,1226,12092
2021-12-31,1115,126,1241
2022-01-01,11265,1297,12562
2022-01-02,11756,1319,13075
2022-01-03,12333,1351,13684
2022-01-04,12912,1392,14304
2022-01-05,13364,1428,14792
2022-01-06,13827,1467,15294
2022-01-07,14591,1499,1609
2022-01-08,1493,1557,16487
2022-01-09,15647,1595,17242
2022-01-10,1634,1606,17946
2022-01-11,17067,1677,18744
2022-01-12,17309,1669,18978
2022-01-13,17648,1668,19316
2022-01-14,18019,1679,19698
2022-01-15,1837,1677,20047
2022-01-16,18719,1691,2041
2022-01-17,19228,1717,20945
2022-01-18,19448,1715,21163
2022-01-19,195,1688,21188
2022-01-20,19659,1698,21357
2022-01-21,19485,1707,21192
2022-01-22,19442,1676,21118
2022-01-23,19627,1685,21312
2022-01-24,19862,1685,21547
2022-01-25,20037,1691,21728
2022-01-26,20001,1665,21666
2022-01-27,19853,1645,21498
2022-01-28,19796,163,21426
2022-01-29,19636,1588,21224
2022-01-30,19617,1593,2121
2022-01-31,19913,1584,21497
2022-02-01,19873,1549,21422
2022-02-02,1955,1524,21074
2022-02-03,19324,1457,20781
2022-02-04,19,144,2044
2022-02-05,18615,1411,20026
2022-02-06,18498,1431,19929
2022-02-07,18675,1423,20098
2022-02-08,18337,1376,19713
2022-02-09,17932,135,19282
2022-02-10,17354,1322,18676
2022-02-11,16824,1265,18089
2022-02-12,1631,1223,17533
2022-02-13,1606,119,1725
2022-02-14,1605,1173,17223
2022-02-15,15602,1119,16721
2022-02-16,15127,1073,162
2022-02-17,14562,1037,15599
2022-02-18,13948,987,14935
2022-02-19,13387,953,1434
2022-02-20,13284,934,14218
2022-02-21,13375,928,14303
2022-02-22,13076,896,13972
2022-02-23,12527,886,13413
2022-02-24,12125,839,12964
2022-02-25,11706,799,12505
2022-02-26,11103,763,11866
2022-02-27,10868,733,11601
2022-02-28,10851,714,11565
2022-03-01,10456,708,11164
2022-03-03,9599,681,1028
2022-03-05,8974,654,9628
2022-03-07,8989,625,9614
2022-03-09,8575,609,9184
2022-03-11,8274,603,8877
2022-03-13,824,610,885
2022-03-15,8473,592,9065
2022-03-17,8397,563,896
2022-03-19,8319,545,8864
2022-03-21,8728,527,9255
2022-03-23,8939,513,9452
2022-03-25,8994,516,951
2022-03-27,9181,518,9699
2022-03-29,974,502,10242
2022-03-31,9898,477,10375
2022-04-02,9949,473,10422
2022-04-04,10241,474,10715
2022-04-06,10164,471,10635
2022-04-08,10102,467,10569
2022-04-10,10038,463,10501
2022-04-12,10207,455,10662
2022-04-14,10075,466,10541
2022-04-16,9878,447,10325
2022-04-18,994,447,10387
2022-04-20,10207,452,10659
2022-04-22,10076,464,1054
2022-04-24,9895,487,10382
2022-04-26,10328,487,10815
2022-04-28,10076,481,10557
2022-04-30,9826,468,10294
2022-05-02,9794,493,10287
2022-05-04,9614,483,10097
2022-05-06,9164,466,963
2022-05-08,8655,462,9117
2022-05-10,8579,465,9044
2022-05-12,8158,463,8621
2022-05-14,765,420,807
2022-05-16,7631,411,8042
2022-05-18,7276,411,7687
2022-05-20,6812,413,7225
2022-05-22,64,411,6811
2022-05-24,624,416,6656
2022-05-26,5736,409,6145
2022-05-28,5348,382,573
2022-05-30,5281,366,5647
2022-06-01,4878,368,5246
2022-06-03,4644,371,5015
2022-06-05,4411,363,4774
2022-06-07,4342,356,4698
2022-06-09,4234,358,4592
2022-06-11,4076,334,441
2022-06-13,421,340,455
2022-06-15,4218,353,4571
2022-06-17,432,318,4638
2022-06-19,4398,307,4705
2022-06-21,4803,292,5095
2022-06-23,5064,286,535
2022-06-25,5342,259,5601
2022-06-27,5873,250,6123
2022-06-29,6254,255,6509
2022-07-01,683,223,7053
2022-07-03,7212,225,7437
2022-07-05,8003,218,8221
2022-07-07,8552,219,8771
2022-07-09,8864,197,9061
2022-07-11,9454,193,9647
2022-07-13,9826,193,10019
2022-07-15,10363,189,10552
2022-07-17,10576,191,10767
2022-07-19,10975,199,11174
2022-07-21,10984,206,1119
2022-07-23,10857,216,11073
2022-07-25,11081,225,11306
2022-07-27,11094,234,11328
2022-07-29,10768,248,11016
2022-07-31,10499,264,10763
2022-08-02,10245,291,10536
2022-08-04,9734,323,10057
2022-08-06,9023,343,9366
2022-08-08,9052,344,9396
2022-08-10,8592,360,8952
2022-08-12,8043,388,8431
2022-08-14,7543,395,7938
2022-08-16,7544,403,7947
2022-08-18,7025,413,7438
2022-08-20,6528,410,6938
2022-08-22,6516,408,6924
2022-08-24,617,426,6596
2022-08-26,5827,424,6251
2022-08-28,5628,400,6028
2022-08-30,5427,388,5815
2022-09-01,4962,386,5348
2022-09-03,463,362,4992
2022-09-05,4566,336,4902
2022-09-07,4299,339,4638
2022-09-09,4017,321,4338
2022-09-11,3923,306,4229
2022-09-13,3868,298,4166
2022-09-15,3632,299,3931
2022-09-17,3474,268,3742
2022-09-19,3493,256,3749
2022-09-21,3416,255,3671
2022-09-23,3313,239,3552
2022-09-25,3321,231,3552
2022-09-27,3653,229,3882
2022-09-29,3849,226,4075
2022-10-01,4181,207,4388
2022-10-03,452,188,4708
2022-10-05,5073,185,5258
2022-10-07,5379,184,5563
2022-10-09,5699,172,5871
2022-10-11,6259,180,6439
2022-10-13,6358,163,6521
2022-10-15,6592,143,6735
2022-10-17,6928,150,7078
2022-10-19,7062,151,7213
2022-10-21,7076,146,7222
2022-10-23,7017,134,7151
2022-10-25,7106,125,7231
2022-10-27,6881,128,7009
2022-10-29,6719,141,686
2022-10-31,6746,138,6884
2022-11-02,6699,140,6839
2022-11-04,6518,171,6689
2022-11-06,6405,198,6603
2022-11-08,6379,211,659
2022-11-10,6356,224,658
2022-11-12,6388,236,6624
2022-11-14,6647,252,6899
2022-11-16,6969,254,7223
2022-11-18,7102,251,7353
2022-11-20,7198,234,7432
2022-11-22,76,229,7829
2022-11-24,7613,232,7845
2022-11-26,7793,223,8016
2022-11-28,804,227,8267
2022-11-30,8361,233,8594
2022-12-02,8547,237,8784
2022-12-04,8673,232,8905
2022-12-06,894,228,9168
2022-12-08,9215,219,9434
2022-12-10,9335,203,9538
2022-12-12,9764,222,9986
2022-12-14,9549,224,9773
2022-12-16,9323,242,9565
2022-12-18,9086,247,9333
2022-12-20,9004,236,924
2022-12-22,8753,248,9001
2022-12-24,8251,250,8501
2022-12-26,8207,252,8459
2022-12-28,8294,283,8577
2022-12-30,815,303,8453
2023-01-01,7973,318,8291
2023-01-02,8097,327,8424
2023-01-03,8039,324,8363
2023-01-04,7972,335,8307
2023-01-05,7716,334,805
2023-01-06,7332,347,7679
2023-01-07,7307,318,7625
2023-01-08,7275,318,7593
2023-01-09,7245,332,7577
2023-01-10,6974,339,7313
2023-01-11,6722,312,7034
2023-01-12,6421,312,6733
2023-01-13,612,326,6446
2023-01-14,5858,321,6179
2023-01-15,5768,304,6072
2023-01-16,5734,308,6042
2023-01-17,5399,312,5711
2023-01-18,5172,319,5491
2023-01-19,5003,315,5318
2023-01-20,4823,319,5142
2023-01-21,4632,320,4952
2023-01-22,4553,308,4861
2023-01-23,451,308,4818
2023-01-24,4266,308,4574
2023-01-25,4126,303,4429
2023-01-26,4081,317,4398
2023-01-27,4003,310,4313
2023-01-28,3822,293,4115
2023-01-29,3826,287,4113
2023-01-30,3834,277,4111
2023-01-31,3781,276,4057
2023-02-01,3697,263,396
2023-02-02,3712,237,3949
2023-02-03,3578,227,3805
2023-02-04,3574,228,3802
2023-02-05,3552,232,3784
2023-02-06,3627,229,3856
2023-02-07,364,217,3857
2023-02-08,3518,226,3744
2023-02-09,3459,206,3665
2023-02-10,3377,205,3582
2023-02-11,3302,200,3502
2023-02-12,3288,195,3483
2023-02-13,3313,202,3515
2023-02-14,3288,197,3485
2023-02-15,3291,193,3484
2023-02-16,32,191,3391
2023-02-17,3177,179,3356
2023-02-18,3243,172,3415
2023-02-19,3277,173,345
2023-02-20,3263,173,3436
2023-02-21,3381,180,3561
2023-02-22,3351,174,3525
2023-02-23,3331,172,3503
2023-02-24,3307,163,347
2023-02-25,3297,162,3459
2023-02-26,328,166,3446
2023-02-27,3313,172,3485
2023-02-28,3303,177,348
2023-03-01,331,173,3483
2023-03-02,3297,157,3454
2023-03-03,3234,154,3388
2023-03-04,3148,161,3309
2023-03-05,3146,166,3312
2023-03-06,3167,159,3326
2023-03-07,3107,155,3262
2023-03-08,3049,137,3186
2023-03-09,2962,134,3096
2023-03-10,2902,133,3035
2023-03-11,2905,126,3031
2023-03-12,2897,129,3026
2023-03-13,2884,137,3021
2023-03-14,2811,146,2957
2023-03-15,2772,148,292
2023-03-16,2727,145,2872
2023-03-17,269,137,2827
2023-03-18,2618,141,2759
2023-03-19,2624,134,2758
2023-03-20,2633,132,2765
2023-03-21,2609,128,2737
2023-03-22,2616,116,2732
2023-03-23,2584,110,2694
2023-03-24,2588,104,2692
2023-03-25,2543,91,2634
2023-03-26,2516,91,2607
2023-03-27,2526,96,2622
2023-03-28,2548,98,2646
2023-03-29,2556,97,2653
2023-03-30,2533,96,2629
2023-03-31,2533,104,2637
2023-04-01,2497,102,2599
2023-04-02,2494,105,2599
2023-04-03,2514,104,2618
2023-04-04,2479,106,2585
2023-04-05,2457,107,2564
2023-04-06,2439,108,2547
2023-04-07,244,105,2545
2023-04-08,2411,101,2512
2023-04-09,2425,97,2522
2023-04-10,241,102,2512
2023-04-11,2487,95,2582
2023-04-12,2571,99,267
2023-04-13,2634,96,273
2023-04-14,2727,84,2811
2023-04-15,2748,90,2838
2023-04-16,2763,85,2848
2023-04-17,2838,88,2926
2023-04-18,2851,89,294
2023-04-19,2871,87,2958
2023-04-20,2873,87,296
2023-04-21,2899,85,2984
2023-04-22,2902,84,2986
2023-04-23,2896,85,2981
2023-04-24,2884,84,2968
2023-04-25,297,86,3056
2023-04-26,2998,85,3083
2023-04-27,298,85,3065
2023-04-28,2968,83,3051
2023-04-29,2934,82,3016
2023-04-30,2874,86,296
2023-05-01,2893,90,2983
2023-05-02,2901,99,3
2023-05-03,2839,99,2938
2023-05-04,2812,104,2916
2023-05-05,2852,104,2956
2023-05-06,2764,96,286
2023-05-07,2743,95,2838
2023-05-08,2727,90,2817
2023-05-09,2724,96,282
2023-05-10,2662,100,2762
2023-05-11,2547,100,2647
2023-05-12,2473,99,2572
2023-05-13,2446,105,2551
2023-05-14,2397,111,2508
2023-05-15,2387,103,249
2023-05-16,237,97,2467
2023-05-17,2272,106,2378
2023-05-18,2251,111,2362
2023-05-19,222,108,2328
2023-05-20,2142,107,2249
2023-05-21,211,92,2202
2023-05-22,2132,91,2223
2023-05-23,2116,94,221
2023-05-24,2039,87,2126
2023-05-25,2004,88,2092
2023-05-26,1999,84,2083
2023-05-27,192,87,2007
2023-05-28,193,79,2009
2023-05-29,1927,80,2007
2023-05-30,1912,83,1995
2023-05-31,185,83,1933
2023-06-01,1774,85,1859
2023-06-02,1675,83,1758
2023-06-03,1692,82,1774
2023-06-04,1643,85,1728
2023-06-05,1618,84,1702
2023-06-06,1578,85,1663
2023-06-07,1532,84,1616
2023-06-08,147,83,1553
2023-06-09,1428,75,1503
2023-06-10,1352,70,1422
2023-06-11,1321,73,1394
2023-06-12,1328,73,1401
2023-06-13,1314,68,1382
2023-06-14,1281,71,1352
2023-06-15,1248,72,132
2023-06-16,1213,66,1279
2023-06-17,12,61,1261
2023-06-18,1192,59,1251
2023-06-19,1156,58,1214
2023-06-20,1127,58,1185
2023-06-21,1102,57,1159
2023-06-22,1079,57,1136
2023-06-23,1039,54,1093
2023-06-24,976,58,1034
2023-06-25,981,54,1035
2023-06-26,972,54,1026
2023-06-27,977,57,1034
2023-06-28,968,57,1025
2023-06-29,933,56,989
2023-06-30,901,54,955
2023-07-01,872,49,921
2023-07-02,871,40,911
2023-07-03,875,37,912
2023-07-04,878,38,916
2023-07-05,867,44,911
2023-07-06,845,44,889
2023-07-07,828,48,876
2023-07-08,796,49,845
2023-07-09,783,47,830
2023-07-10,789,47,836
2023-07-11,751,45,796
2023-07-12,751,40,791
2023-07-13,721,37,758
2023-07-14,709,39,748
2023-07-15,702,35,737
2023-07-16,697,35,732
2023-07-17,710,35,745
2023-07-18,746,34,780
2023-07-19,732,32,764
2023-07-20,722,28,750
2023-07-21,701,25,726
2023-07-22,708,27,735
2023-07-23,720,29,749
2023-07-24,721,29,750
2023-07-25,719,28,747
2023-07-26,710,30,740
2023-07-27,717,29,746
2023-07-28,734,25,759
2023-07-29,733,26,759
2023-07-30,744,26,770
2023-07-31,772,24,796
2023-08-01,790,23,813
2023-08-02,815,20,835
2023-08-03,819,22,841
2023-08-04,847,22,869
2023-08-05,843,18,861
2023-08-06,851,20,871
2023-08-07,863,19,882
2023-08-08,880,21,901
2023-08-09,896,22,918
2023-08-10,893,22,915
2023-08-11,922,23,945
2023-08-12,931,23,954
2023-08-13,926,20,946
2023-08-14,950,20,970
2023-08-15,959,23,982
2023-08-16,953,22,975
2023-08-17,1,24,1024
2023-08-18,1036,23,1059
2023-08-19,1105,22,1127
2023-08-20,1119,23,1142
2023-08-21,1156,22,1178
2023-08-22,1217,22,1239
2023-08-23,1272,23,1295
2023-08-24,135,20,137
2023-08-25,1401,21,1422
2023-08-26,1416,19,1435
2023-08-27,1423,23,1446
2023-08-28,1474,24,1498
2023-08-29,1563,26,1589
2023-08-30,1659,29,1688
2023-08-31,1647,29,1676
2023-09-01,1663,34,1697
2023-09-02,1638,34,1672
2023-09-03,1668,38,1706
2023-09-04,1718,41,1759
2023-09-05,1799,44,1843
2023-09-06,1872,47,1919
2023-09-07,1991,44,2035
2023-09-08,2068,49,2117
2023-09-09,2146,43,2189
2023-09-10,2189,50,2239
2023-09-11,2269,45,2314
2023-09-12,2339,47,2386
2023-09-13,2378,48,2426
2023-09-14,2431,39,247
2023-09-15,2506,41,2547
2023-09-16,253,37,2567
2023-09-17,2531,42,2573
2023-09-18,2577,48,2625
2023-09-19,2541,52,2593
2023-09-20,2533,52,2585
2023-09-21,2583,49,2632
2023-09-22,2627,60,2687
2023-09-23,2601,65,2666
2023-09-24,265,69,2719
2023-09-25,2666,69,2735
2023-09-26,2699,75,2774
2023-09-27,2734,72,2806
2023-09-28,2721,76,2797
2023-09-29,2828,79,2907
2023-09-30,2856,82,2938
2023-10-01,2874,92,2966
2023-10-02,2938,88,3026
2023-10-03,3083,88,3171
2023-10-04,3136,87,3223
2023-10-05,3193,91,3284
2023-10-06,3314,84,3398
2023-10-07,3348,86,3434
2023-10-08,338,86,3466
2023-10-09,3457,79,3536
2023-10-10,3541,81,3622
2023-10-11,3589,84,3673
2023-10-12,3603,82,3685
2023-10-13,3581,81,3662
2023-10-14,3566,80,3646
2023-10-15,3563,83,3646
2023-10-16,3631,83,3714
2023-10-17,3609,88,3697
2023-10-18,3551,94,3645
2023-10-19,3517,94,3611
2023-10-20,3444,92,3536
2023-10-21,3464,88,3552
2023-10-22,3473,101,3574
2023-10-23,3556,107,3663
2023-10-24,3542,114,3656
2023-10-25,3546,115,3661
2023-10-26,353,118,3648
2023-10-27,3509,116,3625
2023-10-28,3549,119,3668
2023-10-29,3526,115,3641
2023-10-30,3589,111,37
2023-10-31,3599,125,3724
2023-11-01,362,127,3747
2023-11-02,3632,119,3751
2023-11-03,3577,122,3699
2023-11-04,3585,115,37
2023-11-05,3569,107,3676
2023-11-06,3609,106,3715
2023-11-07,3603,102,3705
2023-11-08,3656,106,3762
2023-11-09,3669,111,378
2023-11-10,3702,99,3801
2023-11-11,37,96,3796
2023-11-12,3737,113,385
2023-11-13,3829,111,394
2023-11-14,3889,109,3998
2023-11-15,4167,104,4271
2023-11-16,4341,102,4443
2023-11-17,4471,99,457
2023-11-18,4577,97,4674
2023-11-19,4603,98,4701
2023-11-20,4644,96,474
2023-11-21,4815,113,4928
2023-11-22,4811,109,492
2023-11-23,4981,102,5083
2023-11-24,5137,103,524
2023-11-25,5115,103,5218
2023-11-26,5147,109,5256
2023-11-27,5177,112,5289
2023-11-28,5576,121,5697
2023-11-29,5741,109,585
2023-11-30,5843,122,5965
2023-12-01,5953,117,607
2023-12-02,6043,120,6163
2023-12-03,6205,123,6328
2023-12-04,636,124,6484
2023-12-05,6501,129,663
2023-12-06,6668,134,6802
2023-12-07,6729,137,6866
2023-12-08,6956,133,7089
2023-12-09,6874,137,7011
2023-12-10,6978,145,7123
2023-12-11,7121,142,7263
2023-12-12,7303,153,7456
2023-12-13,7426,162,7588
2023-12-14,7568,170,7738
2023-12-15,769,178,7868
2023-12-16,7681,193,7874
2023-12-17,7635,198,7833
2023-12-18,7565,201,7766
2023-12-19,7549,212,7761
2023-12-20,736,212,7572
2023-12-21,7215,219,7434
2023-12-22,7086,235,7321
2023-12-23,7029,239,7268
2023-12-24,6895,234,7129
2023-12-25,6911,228,7139
2023-12-26,693,241,7171
2023-12-27,6834,244,7078
2023-12-28,6744,240,6984
2023-12-29,6613,247,686
2023-12-30,6541,261,6802
2023-12-31,6473,278,6751
2024-01-01,6508,265,6773
2024-01-02,6491,256,6747
2024-01-03,632,272,6592
2024-01-04,6234,276,651
2024-01-05,6016,268,6284
2024-01-06,5887,267,6154
2024-01-07,5826,263,6089
2024-01-08,5738,267,6005
2024-01-09,5431,270,5701
2024-01-10,5131,269,54
2024-01-11,4783,281,5064
2024-01-12,452,267,4787
2024-01-13,4317,263,458
2024-01-14,4213,255,4468
2024-01-15,4169,244,4413
2024-01-16,3846,252,4098
2024-01-17,3723,251,3974
2024-01-18,356,246,3806
2024-01-19,338,248,3628
2024-01-20,3208,243,3451
2024-01-21,3159,234,3393
2024-01-22,3073,236,3309
2024-01-23,2913,222,3135
2024-01-24,2691,217,2908
2024-01-25,2564,213,2777
2024-01-26,246,193,2653
2024-01-27,2361,190,2551
2024-01-28,2343,190,2533
2024-01-29,2314,191,2505
2024-01-30,2196,191,2387
2024-01-31,2169,171,234
2024-02-01,2063,167,223
2024-02-02,2004,151,2155
2024-02-03,1955,137,2092
2024-02-04,1944,138,2082
2024-02-05,1918,142,206
2024-02-06,1827,141,1968
2024-02-07,1792,131,1923
2024-02-08,1683,121,1804
2024-02-09,166,120,178
2024-02-10,1623,108,1731
2024-02-11,1596,100,1696
2024-02-12,1571,103,1674
2024-02-13,1508,105,1613
2024-02-14,1486,108,1594
2024-02-15,1446,106,1552
2024-02-16,1402,97,1499
2024-02-17,1357,91,1448
2024-02-18,1348,87,1435
2024-02-19,1351,87,1438
2024-02-20,132,85,1405
2024-02-21,1311,85,1396
2024-02-22,1287,87,1374
2024-02-23,1264,84,1348
2024-02-24,1243,79,1322
2024-02-25,1233,77,131
2024-02-26,1224,78,1302
2024-02-27,1179,75,1254
2024-02-28,1154,73,1227
2024-02-29,1135,67,1202
2024-03-01,1135,67,1202
2024-03-02,1134,59,1193
2024-03-03,1121,56,1177
2024-03-04,1122,55,1177
2024-03-05,1118,53,1171
2024-03-06,109,52,1142
2024-03-07,109,51,1141
2024-03-08,1077,45,1122
2024-03-09,1069,46,1115
2024-03-10,1059,47,1106
2024-03-11,1043,46,1089
2024-03-12,891,47,938
2024-03-13,880,49,929
2024-03-14,874,45,919
2024-03-15,868,44,912
2024-03-16,863,36,899
2024-03-17,854,29,883
2024-03-18,851,30,881
2024-03-19,831,32,863
2024-03-20,839,28,867
2024-03-21,819,31,850
2024-03-22,792,31,823
2024-03-23,777,28,805
2024-03-24,771,29,800
2024-03-25,770,27,797
2024-03-26,759,29,788
2024-03-27,754,29,783
2024-03-28,745,28,773
2024-03-29,737,29,766
2024-03-30,733,29,762
2024-03-31,735,28,763
2024-04-01,735,28,763
2024-04-02,738,27,765
2024-04-03,732,28,760
2024-04-04,732,27,759
2024-04-05,729,26,755
2024-04-06,727,28,755
2024-04-07,721,27,748
2024-04-08,720,27,747
2024-04-09,725,28,753
2024-04-10,727,26,753
2024-04-11,727,25,752
2024-04-12,737,25,762
2024-04-13,722,26,748
2024-04-14,719,25,744
2024-04-15,715,25,740
2024-04-16,711,25,736
2024-04-17,700,26,726
2024-04-18,690,22,712
2024-04-19,678,23,701
2024-04-20,687,20,707
2024-04-21,688,23,711
2024-04-22,570,23,593
2024-04-23,569,22,591
2023-04-24,579,22,601
2024-04-25,553,21,574
2024-04-26,553,23,576
2024-04-27,550,20,570
2024-04-28,560,20,580
2024-04-29,561,19,580
2024-04-30,545,19,564
2024-05-01,542,20,562
2024-05-02,563,22,585
2024-05-03,542,19,561
2024-05-04,545,18,563
2024-05-05,535,18,553
2024-05-06,538,17,555
2024-05-07,536,17,553
2024-05-08,543,17,560
2024-05-09,544,19,563
2024-05-10,559,19,578
2024-05-11,561,19,580
2024-05-12,569,18,587
2024-05-13,575,18,593
2024-05-14,578,18,596
2024-05-15,568,19,587
2024-05-16,565,18,583
2024-05-17,556,20,576
2024-05-18,554,18,572
2024-05-19,554,20,574
2024-05-20,556,22,578
2024-05-21,558,20,578
2024-05-22,579,21,600
2024-05-23,578,21,599
2024-05-24,574,22,596
2024-05-25,568,23,591
2024-05-26,569,23,592
2024-05-27,588,23,611
2024-05-28,601,26,627
2024-05-29,597,30,627
2024-05-30,596,28,624
2024-05-31,591,28,619
2024-06-01,585,24,609
2024-06-02,587,23,610
2024-06-03,593,23,616
2024-06-04,586,22,608
2024-06-05,587,24,611
2024-06-06,604,27,631
2024-06-07,599,24,623
2024-06-08,611,26,637
2024-06-09,610,24,634
2024-06-10,629,2,631
2024-06-11,631,28,659
2024-06-12,641,28,669
